x,y,z,dt
8.513,-2.308,0.201,9
9.069,-10.773,9.777,10
7.91,-19.45,13.752,10
6.311,-19.45,10.046,10
6.311,9.002,10.046,10
-1.781,2.595,1.953,9
-7.307,13.215,-2.039,10
-4.778,-14.144,-4.481,10
-2.518,-7.546,-4.472,10
-1.053,-5.075,-1.369,9
0.507,-6.962,2.164,10
1.953,-10.362,4.271,10
2.451,-12.334,2.432,10
3.112,-12.67,-2.815,10
3.715,-11.75,-5.573,9
3.141,-10.199,-4.118,10
2.183,-8.82,-1.024,10
1.225,-7.613,1.235,9
0.565,-6.828,1.589,10
-0.497,-6.789,-0.191,10
-0.986,-6.847,-2.461,10
-1.168,-7.153,-3.983,10
-0.43,-7.422,-3.514,9
0.22,-7.891,-2.595,10
1.388,-8.082,-2.039,10
2.681,-7.718,-1.81,10
3.141,-7.077,-1.819,9
3.246,-6.77,-2.422,10
3.773,-6.694,-3.189,10
4.156,-6.56,-3.974,10
3.859,-6.32,-3.859,10
2.614,-6.09,-2.432,9
2.087,-5.899,-0.392,10
2.231,-6.196,1.666,10
3.495,-7.728,4.721,9
4.367,-10.888,7.776,10
4.395,-14.595,9.739,10
4.797,-18.626,10.63,10
5.238,20.475,7.393,10
5.305,18.406,-1.465,9
2.346,17.755,-6.157,10
-0.995,20.168,-5.228,10
-1.8,-18.751,-2.911,10
-2.221,-17.506,-0.354,9
-2.604,-16.385,2.145,10
-2.652,-15.169,5.257,10
-1.331,-14.202,6.196,10
1.177,-14.125,3.792,10
2.767,-16.682,1.446,9
4.156,-17.956,-1.742,10
3.428,-17.257,-4.175,10
0.593,-14.077,-5.114,9
-2.968,-10.18,-3.773,10
-6.1,-7.182,-2.432,10
-8.341,-5.372,-1.091,10
-7.469,-4.156,0.124,10
-3.169,-3.102,1.216,9
0.651,-1.771,1.34,10
3.524,0.124,1.244,10
5.219,2.059,0.019,10
5.295,2.738,-1.857,10
3.122,1.446,-3.275,9
0.785,-0.076,-2.288,10
-0.766,-1.551,-0.507,10
-2.03,-3.39,0.699,9
-2.873,-5.104,1.005,10
-2.873,-5.104,0.258,10
-2.873,-6.675,0.258,10
-2.269,-7.91,-0.909,10
-1.522,-8.973,-2.001,9
-1.101,-9.624,-2.815,10
-1.177,-9.816,-3.706,10
-1.541,-9.844,-4.395,10
-1.762,-9.749,-4.347,9
-1.513,-9.299,-2.719,10
-0.469,-8.638,-0.354,10
0.689,-8.599,1.886,10
1.484,-9.155,3.303,9
1.647,-9.758,3.524,10
1.35,-9.519,2.173,10
2.001,-7.584,0.067,10
3.476,-4.539,0.507,9
3.964,-1.264,0.584,10
4.108,2.03,0.67,10
4.261,5.401,1.015,10
3.265,7.22,0.363,10
1.637,7.125,-0.555,9
0.181,5.142,-0.938,10
-1.206,2.48,-2.183,10
-1.656,-0.756,-2.461,10
-2.087,-4.874,-1.426,9
-2.585,-10.467,0.028,10
-2.403,-18.052,0.076,10
-2.001,11.271,-3.361,10
-1.656,3.131,-6.971,9
-6.56,10.658,0.009,10
-5.43,-18.703,2.164,10
3.074,-14.077,-6.885,10
9.854,-18.866,-16.979,9
12.909,19.067,-8.858,10
9.787,-17.075,-0.076,10
7.067,-10.122,-0.545,10
6.205,-6.033,-2.106,10
5.267,-3.533,-1.953,9
4.165,-3.552,-1.829,10
3.878,-8.341,-5.123,10
4.932,-16.405,-11.233,10
3.773,19.488,-11.262,10
2.758,-19.527,-7.469,9
3.169,-14.365,-4.874,10
2.748,-10.409,-3.208,10
0.497,-7.92,-1.733,9
-2.02,-7.182,-0.287,10
-3.897,-6.856,-0.057,10
-5.228,-6.11,-0.44,10
-5.573,-5.19,-0.086,10
-4.941,-4.587,1.81,9
-4.51,-3.801,3.572,10
-4.405,-1.877,2.968,10
-3.974,-0.948,1.254,10
-1.628,-3.112,-1.283,9
1.551,-8.513,-2.786,10
5.353,-13.302,-2.087,10
6.703,-18.052,-3.122,10
5.085,19.163,-5.688,9
1.072,16.74,-6.406,10
-5.133,19.268,-8.638,10
-8.283,-15.983,-9.289,10
-6.847,-11.473,-7.948,10
-3.313,-11.473,-7.383,9
-3.313,-7.469,-7.383,10
0.086,-4.654,-8.101,10
2.049,-2.92,-8.906,10
3.189,-2.193,-7.556,9
4.424,-1.886,-5.248,10
4.577,-2.135,-2.269,10
4.443,-2.154,0,10
3.792,-1.541,0.105,9
2.978,0.076,0.469,10
2.614,1.762,1.082,10
2.997,2.011,2.269,10
3.045,1.244,3.552,10
1.57,-0.009,3.696,9
0.019,0.268,3.457,10
-0.44,1.781,1.522,10
-0.047,0.383,-0.44,9
-0.153,-2.853,-3.332,10
0.718,-6.426,-10.821,10
0.363,-7.939,-15.878,10
-2.126,-7.307,-5.851,10
-5.324,-6.579,2.269,9
-7.527,-10.285,3.016,10
-7.297,-13.235,6.282,10
-7.058,-18.942,8.657,10
-4.338,11.971,6.272,9
-4.491,10.026,3.859,10
-0.105,14.269,-4.165,10
6.282,8.274,-19.201,10
12.22,9.356,17.295,9
9.318,-15.859,-4.548,10
6.56,-6.406,1.628,10
5.382,-2.585,1.35,10
3.974,-1.187,0.057,9
2.882,-3.371,-3.016,10
3.303,-11.195,-9.758,10
3.399,-20.025,-12.239,10
2.681,-19.412,-5.832,10
2.001,-13.828,-1.321,9
0.689,-9.854,0,10
-1.34,-8.935,-0.718,10
-2.882,-8.58,-1.781,10
-3.993,-7.939,-1.359,9
-4.137,-6.579,0.766,10
-4.098,-5.401,3.495,10
-4.041,-3.447,5.056,10
-3.514,-0.785,5.248,9
-2.604,1.005,4.644,10
-0.794,1.436,1.666,10
1.656,-1.101,-3.438,10
4.204,-6.856,-6.55,10
5.87,-12.401,-6.512,9
6.042,-18.243,-5.717,10
5.612,16.213,-4.807,10
-0.679,12.708,-9.155,10
-10.074,18.713,-12.267,9
-12.842,-15.437,-11.769,10
-11.013,-11.683,-10.802,10
-7.115,-8.724,-10.371,10
-3.332,-5.813,-9.04,9
0.488,-4.223,-5.899,10
3.773,-3.409,-4.194,10
4.865,-2.422,-4.434,10
5.181,-2.422,-4.692,9
5.181,-1.8,-4.692,10
5.353,-1.972,-4.146,10
5.334,-3.38,-3.074,10
4.28,-5.228,-2.25,9
3.093,-6.196,-0.584,10
2.106,-7.479,0.651,10
1.034,-8.245,1.695,10
-0.622,-7.939,3.543,10
-2.317,-6.291,5.803,9
-2.911,-3.955,6.751,10
-3.217,-1.331,6.148,10
-3.074,-0.354,5.65,10
-2.489,-0.833,3.505,9
-1.216,-0.919,1.024,10
1.11,-0.823,-7.144,10
3.169,0.976,13.532,10
-1.819,1.848,15.811,10
-5.305,1.273,-7.872,9
-4.912,-4.644,4.874,10
-8.341,-13.666,8.599,10
-9.768,15.447,8.121,10
-2.279,14.911,12.287,9
0.354,19.565,12.44,10
1.254,-20.13,0.124,10
4.989,-17.822,-18.646,10
4.491,-15.715,-17.362,9
3.629,-14.604,-6.598,10
4.778,-16.213,-4.261,10
6.253,-17.784,-3.246,10
6.368,-15.619,-1.091,10
6.358,-14.958,-1.072,9
6.837,-17.477,-3.265,10
5.889,-17.688,-4.759,10
3.093,-14.451,-3.725,9
1.292,-11.798,-4.932,10
0.536,-10.477,-6.799,10
-0.363,-9.299,-5.793,10
-2.183,-7.929,-3.955,10
-3.974,-7.335,-3.198,9
-4.932,-7.019,-2.652,10
-5.64,-7.278,-2.806,10
-6.244,-7.316,-2.7,10
-5.114,-6.56,-1.34,9
-4.395,-7.192,3.055,10
-4.807,-6.368,6.521,10
-4.146,-2.834,4.663,10
-0.459,-1.043,2.154,10
3.859,-1.666,-0.708,9
6.675,-4.548,-0.794,10
8.456,-7.326,-0.651,10
9.26,-10.141,-1.063,9
8.599,-13.608,-2.834,10
6.186,-18.148,-5.832,10
1.283,20.168,-8.494,10
-4.673,-19.402,-10.582,10
-9.117,-16.711,-12.708,9
-9.701,-15.696,-13.273,10
-6.991,-14.259,-13.685,10
-3.61,-11.53,-12.679,10
-1.101,-9.203,-9.825,9
2.231,-7.671,-6.952,10
4.903,-6.502,-4.338,10
4.903,-6.502,-4.338,10
5.564,-4.893,-1.407,9
4.836,-3.61,0.507,10
2.815,-3.141,1.283,10
0.325,-2.987,1.34,10
-1.168,-3.916,2.432,10
-1.484,-5.612,2.106,9
-1.561,-7.383,1.235,10
-1.359,-8.398,1.312,10
-1.273,-7.757,1.857,10
-1.082,-5.142,2.355,9
-0.861,-1.369,2.288,10
-0.574,0.632,1.283,10
-0.153,0.852,0.67,10
0.373,1.177,-0.565,9
0.766,2.298,-3.083,10
-1.254,1.541,-7.517,10
-4.213,0.43,-10.026,10
-5.238,-0.038,-5.516,9
-4.759,-1.072,1.11,10
-5.65,-2.537,5.602,10
-6.483,-4.529,11.003,10
-5.659,-10.572,11.109,10
-3.055,-17.219,6.742,9
-0.45,15.935,-0.737,10
3.983,9.624,-10.563,10
7.24,15.907,-16.395,10
7.92,-17.362,-5.075,9
6.55,-14.393,4.979,10
5.899,-13.991,4.405,10
6.732,-17.085,-4.175,10
8.935,-18.981,-10.084,9
10.429,-19.555,-9.04,10
10.831,-19.843,-5.908,10
9.73,-17.927,-4.28,10
6.866,-14.844,-5.19,9
3.294,-12.536,-5.257,10
1.158,-11.051,-3.39,10
0.632,-10.4,-2.317,10
1.379,-10.955,-0.967,10
2.892,-12.564,0.632,9
2.346,-12.947,-0.411,10
-0.143,-12.411,-2.193,10
-2.384,-10.544,-3.217,10
-4.098,-8.599,-3.236,9
-4.893,-7.019,-1.896,10
-4.328,-5.075,-0.095,10
-1.838,-3.246,2.719,10
1.139,-1.704,5.975,9
2.03,0.038,7.527,10
1.58,0.44,7,10
1.053,-2.834,6.004,10
0.306,-7.575,4.644,9
-0.861,-13.579,2.26,10
-0.488,19.23,-1.972,10
0.66,12.507,-5.142,10
2.327,6.981,-5.056,10
3.955,5.085,-3.131,9
5.267,10.793,-2.432,10
4.213,19.096,-1.244,10
3.754,-18.167,-0.488,10
4.692,-17.879,-1.292,9
4.692,-17.879,-3.007,10
5.573,-18.406,-3.007,10
5.707,-17.899,-2.384,10
4.817,-16.175,0.047,9
3.83,-13.771,1.57,10
2.576,-11.482,1.781,10
0.9,-9.892,1.972,10
-0.641,-8.149,2.145,10
-2.557,-6.291,2.681,9
-4.185,-4.118,2.614,10
-5.793,-2.001,2.317,10
-6.138,0.335,1.762,10
-5.449,1.924,0.373,9
-3.62,2.624,-1.838,10
-1.283,2.078,-2.671,10
0.383,0.718,-1.331,10
0.43,-0.718,1.656,10
-1.082,-2.059,4.683,9
-3.064,-3.217,5.497,10
-3.667,-4.271,4.721,10
-4.012,-6.493,3.591,9
-4.309,-10.065,2.298,10
-5.305,-13.8,-2.24,10
-11.262,-15.658,16.012,10
-13.857,-14.882,5.094,9
-6.445,-9.203,-15.389,10
2.729,-1.944,4.989,10
10.907,4.692,11.683,10
9.002,0.814,8.226,10
3.39,-18.875,-1.953,9
6.387,5.037,-3.6,10
11.856,3.84,7.326,10
3.485,-14.786,17.152,10
-4.663,-0.823,7.776,9
-12.248,10.352,-15.638,10
0.478,12.708,-9.5,10
6.646,6.454,7.575,10
6.445,-3.505,10.007,9
3.983,-15.696,4.127,10
1.264,4.826,-6.579,10
1.896,2.633,-2.489,10
2.336,14.872,0.258,10
2.585,-13.436,0.823,9
1.599,-7.766,0.373,10
1.359,-6.368,0,10
1.206,-7.048,0.181,10
0.181,-8.887,0.603,9
-0.861,-12.114,0.268,10
-1.283,-15.801,-0.641,10
-0.718,-18.454,-1.896,10
0.258,-17.372,-2.71,9
1.072,-14.192,-2.557,10
1.436,-11.635,-3.026,10
1.465,-10.438,-3.361,10
1.292,-10.218,-2.652,9
1.158,-9.72,-1.235,10
1.446,-9.126,-0.354,10
1.685,-8.619,-1.302,10
2.02,-8.197,-3.055,10
2.47,-7.805,-4.118,9
2.949,-7.776,-3.926,10
3.122,-7.709,-3.821,10
3.303,-7.096,-4.405,10
3.303,-7.096,-4.405,9
2.901,-6.234,-5.056,10
2.911,-5.535,-4.405,10
3.687,-4.922,-2.748,10
4.788,-4.376,-0.861,9
5.324,-4.175,0.842,10
5.698,-2.94,1.714,10
5.928,-1.8,1.771,10
5.334,-1.532,1.197,10
3.208,-2.183,1.13,9
2.078,-2.968,1.982,10
2.92,-4.884,4.434,10
3.055,-9.414,6.742,10
2.135,-16.893,7.776,10
2.097,16.175,6.981,9
1.139,8.341,-0.095,10
1.312,5.334,-2.346,10
-1.465,14.604,2.394,9
-5.257,-16.788,2.25,10
-6.722,-12.373,0.488,10
-6.119,-10.189,-0.699,10
-3.169,-9.279,-0.421,9
1.158,-10.802,0,10
4.29,-14.547,-0.699,10
5.64,-18.952,-1.043,10
6.244,19.316,-2.652,10
5.267,19.325,-2.758,9
2.853,-20.216,0.172,10
0.172,-17.362,0.794,10
-2.738,-12.947,-0.019,10
-5.535,-9.768,0.928,9
-7.517,-7.354,1.561,10
-6.837,-5.343,1.053,10
-3.16,-3.801,1.168,10
-0.44,-2.193,0.804,10
0.995,-0.814,0.095,9
1.043,0.737,-0.536,10
0.047,1.503,-1.714,10
-1.34,1.656,-2.432,9
-2.815,0.009,-1.781,10
-3.533,-2.049,-0.852,10
-3.457,-3.993,-0.239,10
-2.604,-5.64,-0.191,10
-1.321,-6.77,-0.45,9
-0.143,-7.345,-0.833,10
-0.086,-7.642,-1.474,10
-0.641,-7.307,-2.269,10
-1.292,-6.579,-3.083,9
-1.637,-6.042,-3.667,10
-1.187,-6.272,-4.156,10
-0.344,-7.929,-4.271,10
0.21,-10.314,-4.194,9
0.402,-12.574,-4.252,10
0.469,-13.886,-4.721,10
0.392,-13.532,-5.114,10
0.296,-11.434,-4.865,9
0.076,-8.896,-4.127,10
-0.028,-6.636,-2.844,10
0.181,-5.037,-1.072,10
0.785,-3.888,0.421,10
1.886,-2.662,1.762,9
3.61,-1.292,2.183,10
5.449,-0.296,2.078,10
5.449,-0.296,1.723,10
6.742,1.264,1.723,9
6.531,2.585,2.815,10
5.985,3.476,5.506,10
3.763,3.409,7.105,10
0.306,2.949,6.78,10
-1.474,2.671,5.995,9
-2.193,2.039,4.462,10
-2.806,0.45,3.629,10
-4.299,-4.098,1.34,10
-5.765,-12.44,-3.869,9
-6.148,11.856,-18.148,10
-8.418,2.595,-17.496,10
-17.305,4.74,-1.321,10
-18.588,18.444,5.64,9
-5.152,-13.407,1.599,10
4.539,18.617,-11.559,10
16.587,3.84,17.86,10
13.771,16.883,-2.652,9
6.033,-8.954,8.245,10
6.598,-4.07,3.591,10
4.434,-2.145,0.134,10
3.351,-1.541,-0.143,9
3.131,-4.797,-1.704,10
2.087,-14.853,-6.914,10
-0.995,16.041,-11.176,10
-3.524,12.928,-9.155,10
-0.708,-19.929,-3.869,9
2.633,-11.913,-0.957,10
3.878,-8.389,-2.537,10
2.892,-8.714,-6.655,10
-0.114,-8.552,-8.178,9
-2.365,-6.129,-7.086,10
-3.035,-3.974,-4.616,10
-2.528,-2.595,-1.503,10
-2.202,-2.633,0.478,10
-2.269,-2.94,0.641,9
-2.413,-3.61,0.124,10
-2.403,-4.577,1.292,10
-2.518,-4.75,2.355,10
-2.604,-4.118,3.505,9
-2.47,-2.547,4.491,10
-2.413,-1.58,5.276,10
-1.829,-1.484,5.228,10
0.047,-2.011,3.754,9
1.752,-3.294,1.81,10
2.614,-5.554,-0.9,10
2.26,-9.777,-3.801,10
1.063,-15.667,-5.918,9
-0.038,20.101,-8.025,10
-1.015,16.845,-10.074,10
-4.462,16.836,-14.642,10
-8.58,20.111,-18.013,9
-10.773,-16.749,-18.387,10
-8.034,-11.875,-12.22,10
-3.706,-7.335,-8.801,10
0.201,-5.104,-8.753,10
1.312,-4.481,-9.911,9
2.614,-4.242,-8.14,10
4.05,-4.443,-5.286,10
4.309,-4.711,-3.169,10
3.773,-4.529,-2.03,9
2.844,-4.29,-1.656,10
1.637,-4.692,-2.298,10
1.637,-4.692,-2.298,10
0.517,-6.205,-3.265,9
-0.363,-7.623,-3.457,10
-0.9,-8.839,-2.671,10
-1.13,-8.868,-0.66,10
-1.628,-8.561,1.302,9
-2.116,-7.9,4.05,10
-2.298,-7.01,6.253,10
-2.719,-5.851,6.799,10
-3.016,-4.587,6.224,9
-3.409,-4.05,4.874,10
-3.409,-4.759,3.428,10
-2.461,-5.612,1.608,10
-0.584,-6.129,-1.781,10
1.139,-6.291,-6.062,9
1.733,-5.784,-8.647,10
0.871,-3.6,-6.531,10
0.114,-0.9,-2.595,10
0.124,1.781,0.689,9
0.794,3.687,2.624,10
1.053,3.476,3.6,10
1.474,2.24,3.418,10
1.206,-1.312,2.662,10
-1.359,-8.81,1.292,9
-3.849,-17.372,-0.986,10
-4.865,16.529,-5.046,10
-3.112,11.003,-8.264,9
1.398,13.828,-6.406,10
4.252,-20.398,-2.049,10
4.845,-15.638,-0.651,10
3.859,-13.876,-2.729,10
3.332,-15.82,-6.023,9
4.146,-17.669,-5.066,10
4.041,-16.165,-2.949,10
3.16,-12.928,-2.71,10
1.723,-9.777,-2.298,10
0.622,-7.029,-1.704,9
0.392,-6.253,-2.863,10
0.9,-9.232,-7.862,10
1.675,-15.026,-13.043,9
1.197,-17.985,-13.694,10
0.995,-15.6,-8.868,10
1.608,-11.156,-2.834,10
0.593,-7.402,-0.89,10
-1.723,-5.066,-1.12,9
-3.418,-4.807,-0.277,10
-4.539,-5.305,2.001,10
-4.453,-4.874,3.208,10
-3.629,-3.648,2.968,9
-1.771,-2.528,2.068,10
0.909,-2.729,0.402,10
3.303,-5.477,-1.819,10
4.702,-12.315,-4.491,9
3.955,-20.063,-8.628,10
-0.871,17.305,-8.753,10
-6.675,17.975,-5.851,10
-9.758,-18.579,-4.453,10
-9.404,-14.039,-4.175,9
-5.947,-10.477,-5.64,10
-2.193,-8.178,-7.556,10
0.497,-7.029,-8.58,10
1.656,-6.473,-8.954,9
1.79,-6.445,-7.479,10
1.551,-6.866,-4.932,10
1.551,-6.866,-4.932,10
1.091,-7.402,-2.671,9
0.191,-7.536,-0.976,10
-0.708,-6.607,-0.009,10
-0.775,-3.907,1.608,10
-0.038,-0.469,2.873,10
2.164,0.976,4.031,9
3.016,0.612,4.146,10
2.269,-0.086,4.204,10
1.388,-0.067,4.137,9
1.091,1.005,2.671,10
0.948,0.804,1.024,10
1.063,-1.714,-1.618,10
1.235,-3.505,-6.818,10
0.545,-3.907,-12.459,9
-1.302,-3.591,-16.491,10
-3.677,-3.533,-12.708,10
-4.673,-4.204,-3.696,10
-7.278,-7.144,3.869,9
-10.457,-13.283,5.477,10
-9.289,-19.268,9.136,10
-7.46,17.142,14.403,10
-5.937,15.064,12.478,9
-1.57,18.502,3.648,10
5.793,17.362,-14.547,10
9.011,-19.823,-14.03,10
9.749,-15.447,-8.465,9
9.519,-11.626,-10.065,10
6.291,-11.176,-2.671,10
4.481,-10.888,0.785,10
3.801,-10.965,-0.459,10
2.566,-11.358,-0.641,9
0.833,-12.229,-1.417,10
-0.679,-14.049,-5.046,10
-1.359,-15.035,-8.073,10
-1.187,-13.388,-7.958,9
-0.746,-11.224,-5.114,10
-0.497,-10.036,-3.313,10
-1.101,-10.007,-3.217,10
-2.834,-10.046,-3.888,10
-3.744,-10.515,-1.79,9
-4.137,-9.844,1.321,10
-3.39,-6.818,3.821,10
-2.049,-4.022,5.171,10
-0.019,-2.24,3.62,9
2.221,-2.853,-1.455,10
4.05,-6.866,-5.717,10
4.845,-12.938,-7.105,10
3.505,-18.99,-6.042,9
-0.804,17.793,-4.548,10
-6.387,18.789,-3.936,10
-8.599,-18.023,-5.506,10
-7.268,-14.02,-7.211,9
-4.616,-11.003,-7.642,10
-2.499,-8.973,-7.22,10
-0.756,-7.642,-6.789,10
0.162,-6.818,-6.263,9
0.258,-6.703,-5.066,10
0.325,-7.345,-3.581,10
0.545,-8.044,-2.164,10
0.593,-8.111,-0.565,10
0.545,-7.699,1.005,9
0.517,-7.105,2.221,10
0.517,-7.105,3.332,10
0.402,-5.688,3.332,10
0.488,-4.127,3.763,9
1.216,-2.815,2.844,10
1.915,-2.461,2.461,10
2.528,-1.838,3.313,10
2.116,0.287,2.93,10
1.522,3.275,1.685,9
0.852,3.792,1.091,10
-0.047,-0.076,-0.239,10
0.114,-2.327,-2.557,10
1.283,-2.758,-6.09,9
1.79,-2.892,-12.641,10
0.794,-2.078,-17.745,10
-1.532,-0.727,-8.226,10
-3.265,-0.229,5.439,9
-6.33,-4.28,13.493,10
-10.773,-11.722,11.003,10
-11.358,-20.092,6.224,10
-7.163,16.376,5.621,9
-1.407,13.656,-0.459,10
5.573,16.041,-11.942,10
8.255,-19.814,-10.898,10
8.149,-14.834,-2.078,9
7.498,-12.746,5.276,10
9.5,-13.924,2.212,10
13.685,-17.726,-11.52,10
16.117,-18.023,-13.177,10
13.206,-14.058,-3.552,9
6.722,-10.888,-0.938,10
1.398,-9.576,-5.267,10
-1.513,-10.563,-7.316,10
-1.742,-11.951,-4.28,9
-0.44,-12.737,-1.359,11
1.225,-12.191,-0.277,9
1.915,-11.999,-1.388,10
1.848,-11.808,-3.936,9
0.287,-11.195,-5.018,10
-2.346,-9.959,-3.773,10
-3.926,-8.609,-1.704,10
-3.284,-6.895,2.078,9
0.047,-4.97,6.78,10
1.972,-3.409,8.245,10
1.57,-3.102,7.45,10
0.536,-5.64,5.372,10
0.574,-13.752,1.35,9
2.26,18.847,-4.453,10
4.52,12.603,-7.69,10
4.979,9.107,-6.828,10
2.987,5.315,-2.92,9
-0.651,11.042,0.66,10
-3.562,20.379,1.063,10
-3.974,-14.949,-2.422,10
-0.612,-12.459,-5.334,10
2.786,-12.296,-6.464,9
5.209,-13.091,-6.665,10
7.326,-13.551,-5.841,10
8.13,-13.445,-3.964,10
7.287,-12.076,-1.695,9
4.558,-10.323,0.948,10
0.746,-8.657,2.777,10
-2.039,-6.502,3.466,10
-4.309,-4.635,3.916,9
-6.119,-4.635,3.198,10
-6.119,-2.911,3.198,10
-7.163,-1.024,1.244,10
-7.345,0.507,-1.407,9
-4.817,1.302,-4.127,10
-1.829,1.206,-5.631,10
0.21,0.325,-4.596,10
0.469,-1.005,-1.704,9
-0.545,-2.059,1.924,10
-1.656,-2.825,4.548,10
-2.116,-3.141,5.42,10
-2.624,-4.443,4.175,10
-2.442,-7.824,1.963,9
-1.302,-14.958,-1.647,10
-2.662,19.507,-11.923,10
-7.92,16.893,11.999,10
-8.255,-17.266,16.845,9
-0.948,-7.431,-3.715,10
6.1,0.785,8.331,10
7.738,6.148,9.356,10
3.543,3.332,4.788,10
4.347,-8.322,-4.165,9
7.891,15.342,-0.373,10
13.302,2.595,4.912,10
8.638,11.846,16.395,10
0.296,-8.216,11.827,9
-5.42,-0.354,-3.189,10
-2.987,7.536,-14.518,10
5.947,6.713,-0.861,9
8.427,-1.312,8.887,10
5.707,-11.731,10.314,10
1.637,14.671,8.025,10
-0.679,3.112,1.197,10
-0.555,10.132,-1.924,9
0.43,-16.529,-2.451,10
-0.976,-8.82,-1.867,10
-2.528,-5.573,-1.321,10
-2.93,-5.516,-0.114,9
-3.303,-7.546,1.244,10
-3.064,-10.745,3.093,10
-2.202,-14.01,3.629,10
-1.762,-15.207,-0.248,9
-1.426,-13.35,-4.836,10
-0.383,-10.304,-5.746,10
1.139,-7.996,-4.137,10
2.135,-6.818,-1.982,10
2.442,-6.665,-0.191,9
2.173,-6.818,0.402,10
2.011,-6.971,0.114,10
2.355,-7.029,-0.651,10
3.15,-7.163,-1.628,9
3.955,-7.843,-2.126,10
4.357,-8.293,-2.039,10
4.434,-8.121,-1.8,10
4.529,-7.661,-1.685,9
3.696,-7.393,-2.384,10
3.265,-7.24,-2.269,10
2.547,-7.489,-2.231,10
1.589,-7.517,-2.451,10
0.775,-7.316,-1.455,9
0.833,-7.211,0.584,10
1.599,-7.91,2.892,10
2.317,-10.4,5.42,10
2.758,-10.4,6.722,9
2.758,-14.298,6.722,10
2.71,-19.9,5.803,10
2.959,18.607,1.608,10
0.44,19.871,-5.334,9
-2.777,-16.941,-5.861,10
-2.882,-11.884,-1.302,10
-1.618,-10.046,2.844,10
-1.359,-11.271,3.849,10
-0.43,-13.675,1.628,9
2.269,-15.83,-2.652,10
4.137,-16.338,-5.008,10
4.52,-15.648,-4.098,10
3.61,-15.782,-2.432,9
1.714,-16.845,0.181,10
-0.143,-16.28,0.296,10
-1.331,-14.958,0.248,10
-3.026,-12.976,-0.258,9
-4.999,-10.802,-0.641,10
-6.177,-8.609,-0.641,10
-5.612,-7.163,-0.201,10
-2.901,-6.215,0.335,9
-0.067,-5.506,0.545,10
2.461,-4.884,0.057,10
3.983,-4.328,-1.436,10
3.801,-3.303,-2.691,9
1.254,-2.02,-2.461,10
-0.948,-0.632,-2.154,10
-1.857,0.067,-1.513,10
-1.714,-0.181,-0.45,10
-1.158,-1.81,0.143,9
-0.124,-3.706,0.191,10
0.766,-5.133,0.095,10
1.292,-6.138,-0.316,10
1.168,-7.173,-0.938,9
0.699,-8.322,-1.532,10
-0.086,-9.26,-1.8,10
-1.656,-9.969,-1.848,10
-3.648,-10.448,-1.819,10
-4.912,-10.649,-1.225,9
-4.213,-9.71,0.373,10
-1.742,-7.22,2.375,10
0.325,-4.213,2.317,9
2.547,-1.493,0.421,10
4.865,1.043,-0.201,10
6.215,3.639,-0.766,10
4.96,6.157,-1.063,10
2.011,7.728,-0.172,9
-0.114,7.45,1.082,10
-1.618,5.152,1.896,10
-3.227,2.604,2.537,10
-5.248,-0.67,2.681,9
-6.378,-5.851,2.346,10
-6.052,-14.46,0.229,10
-3.639,14.939,-7.038,10
2.298,3.055,-13.646,9
1.398,6.052,-1.522,10
-6.148,20.475,10.228,10
-9.777,-10.256,6.55,10
-4.75,-7.671,-1.024,10
-1.34,-15.466,-16.721,9
9.165,6.349,12.152,10
12.229,12.095,-4.596,10
7.402,-14.125,8.944,10
7.402,-14.125,8.944,9
8.724,-8.839,4.922,10
6.77,-5.401,3.026,10
3.801,-2.068,1.158,10
1.608,-3.189,-2.652,10
0.89,-10.888,-9.959,9
-0.584,-19.776,-17.18,10
-2.528,19.699,-12.765,10
-0.603,-15.227,-3.428,10
0.928,-9.643,-0.124,9
1.426,-6.473,-0.584,10
1.599,-5.755,-2.604,10
1.273,-7.948,-4.29,9
-0.383,-9.835,-4.223,10
-1.436,-9.002,-2.92,10
-1.924,-7.661,-0.871,10
-2.059,-6.828,0.124,10
-2.039,-6.186,0.842,9
-1.522,-5.966,2.624,10
-0.938,-6.272,5.612,10
-0.9,-6.339,7.805,10
-0.833,-4.395,6.512,9
-0.421,-3.256,1.053,10
0.881,-5.918,-7.584,10
2.135,-10.381,-11.616,10
1.58,-14.939,-9.94,9
-1.043,-19.488,-7.412,10
-5.133,17.219,-7.718,10
-11.166,16.414,-9.768,10
-13.982,20.331,-11.233,9
-9.394,-15.102,-9.806,10
-3.811,-9.94,-7.546,10
0.651,-5.698,-6.387,10
4.596,-2.317,-5.372,10
6.311,-0.67,-5.726,9
6.215,-1.082,-4.96,10
6.263,-2.288,-2.882,10
4.616,-4.28,-2.595,10
2.336,-5.851,-3.572,9
1.244,-6.426,-4.089,11
0.383,-6.684,-4.165,9
-0.756,-7.029,-3.409,10
-1.991,-7.316,-2.298,9
-3.131,-7.23,-0.679,10
-3.275,-6.655,1.446,10
-2.48,-5.506,3.399,10
-1.522,-4.769,4.893,10
-1.254,-4.616,5.659,9
-1.091,-3.821,5.592,10
-0.545,-2.614,4.548,10
0.076,-1.072,2.815,10
0.852,-0.708,1.082,9
2.422,-1.312,-2.126,10
3.945,-1.206,-5.41,10
4.012,-0.603,-6.569,10
2.604,-0.153,-5.832,10
-0.268,-0.009,-5.497,9
-2.202,-0.871,-5.793,10
-3.438,-3.275,-4.453,10
-3.955,-6.358,1.321,9
-5.363,-12.947,5.228,10
-8.667,16.127,3.093,10
-11.654,11.865,-0.277,10
-11.654,11.865,-0.277,10
-11.003,15.389,-4.118,9
-3.045,20.149,-3.916,10
2.126,-15.734,3.667,10
4.558,-11.971,1.158,10
7.68,-11.664,-6.387,10
12.325,-18.224,-13.053,9
12.507,16.673,-8.437,10
10.342,19.776,-1.484,10
7.967,-15.322,-0.603,9
5.621,-11.329,-0.306,10
3.696,-8.743,-1.857,10
1.053,-7.671,-3.773,10
-0.66,-8.887,-4.357,10
-1.158,-12.536,-4.73,9
-0.708,-16.5,-5.822,10
0.028,-17.439,-5.889,10
1.264,-14.508,-4.481,10
2.355,-11.156,-2.394,9
2.288,-9.509,-1.628,10
0.67,-10.074,-1.532,10
-1.493,-10.457,-1.982,10
-3.447,-9.011,-3.227,9
-4.912,-7.086,-3.227,10
-5.295,-6.042,-0.67,10
-5.497,-5.937,0.766,10
-5.248,-5.717,2.298,9
-4.481,-5.947,5.87,10
-2.987,-3.869,6.818,10
-1.158,-0.679,5.793,10
0.746,0.565,3.62,9
2.221,0.229,-1.474,10
2.537,-3.045,-4.328,10
2.786,-6.694,-4.434,10
3.438,-9.806,-3.744,10
3.15,-13.302,-3.581,9
1.101,-16.778,-5.238,10
-1.091,-19.536,-7.747,10
-6.387,-20.465,-13.072,10
-9.461,-17.583,-16.29,9
-9.615,-15.006,-15.696,10
-7.287,-12.785,-13.474,10
-3.926,-9.873,-11.492,10
0.794,-6.579,-8.379,9
4.644,-4.271,-5.937,10
5.123,-3.275,-5.219,10
4.003,-2.997,-4.97,10
3.361,-2.681,-3.859,10
2.844,-3.045,-2.92,9
2.279,-3.897,-2.308,10
1.273,-5.238,-2.26,10
-0.057,-6.943,-2.451,10
-1.561,-8.762,-2.269,9
-2.777,-10.563,-1.235,10
-2.997,-11.434,0.565,10
-1.905,-10.017,2.451,10
-0.584,-7.412,3.955,10
-0.038,-5.64,5.008,9
-0.019,-4.012,4.683,10
0.105,-2.432,3.055,10
0.402,-0.794,1.091,9
1.273,-0.392,-0.967,10
2.48,0.335,-3.399,10
2.48,0.335,-3.399,10
3.351,1.81,-3.888,10
2.595,3.141,-3.399,9
1.139,4.156,-2.997,10
-1.513,2.93,-2.25,10
-3.198,-0.593,-0.612,10
-5.056,-5.248,0.392,9
-7.881,-12.421,-2.145,10
-9.94,16.366,-8.647,10
-11.07,7.192,-5.114,10
-6.531,12.746,0.172,9
0.842,-18.224,5.841,10
2.652,-12.277,7.182,10
3.801,-11.54,1.206,10
6.675,-14.528,-7.603,9
9.251,19.009,-12.009,10
10.323,14.748,-8.255,10
10.026,-20.321,-1.647,10
8.667,-13.685,-0.316,10
7.316,-9.844,-1.944,9
4.558,-7.862,-2.652,10
1.043,-8.504,-3.533,10
-1.742,-10.362,-4.75,10
-3.198,-13.014,-6.885,9
-2.93,-13.512,-9.155,10
-1.359,-11.367,-7.297,10
0.21,-9.165,-1.57,10
0.967,-8.494,1.905,9
0.727,-8.015,1.312,10
-1.13,-8.216,-1.043,10
-2.624,-7.738,-2.375,10
-2.518,-5.602,-1.244,9
-2.509,-4.759,2.212,10
-2.815,-3.715,4.271,10
-2.959,-1.886,4.97,10
-2.451,0.363,4.28,10
-1.063,-0.785,2.384,9
2.097,-6.54,-0.603,10
5.181,-11.463,-1.053,10
6.569,-15.054,-1.618,10
6.33,-18.588,-4.06,9
3.294,18.923,-6.991,10
-3.15,18.464,-9.126,10
-8.743,-17.851,-11.712,10
-11.109,-13.713,-14.384,9
-10.831,-12.44,-16.472,10
-8.552,-11.779,-16.069,10
-5.899,-10.218,-13.733,10
-2.71,-8.389,-8.954,10
1.043,-6.531,-4.05,9
3.61,-4.501,-1.867,10
4.386,-2.758,-1.465,10
4.185,-1.771,-1.666,10
3.725,-1.79,-1.149,9
2.729,-3.179,-0.517,10
1.838,-5.822,-0.153,10
0.708,-8.609,-0.172,10
-0.909,-10.975,1.12,9
-2.087,-11.846,2.834,10
-2.509,-10.697,4.328,10
-2.384,-7.536,4.74,10
-2.47,-3.916,4.932,10
-1.81,-0.497,4.185,9
-1.81,-0.497,4.185,10
-0.191,0.248,2.011,10
2.384,0.718,-1.187,10
3.533,1.58,-2.25,9
2.825,2.039,-1.666,10
1.704,2.135,-1.541,10
-0.497,0.919,-2.489,10
-3.227,-0.162,-4.443,9
-4.999,-1.388,-4.28,10
-5.995,-4.28,-2.815,10
-5.966,-9.509,-0.9,10
-5.324,-17.008,1.292,9
-4.309,15.82,2.968,10
-1.493,14.614,2.288,10
2.844,20.456,1.714,10
6.196,-16.491,0.162,9
8.169,-14.365,-2.193,10
10.63,-13.215,-6.358,10
11.884,-13.206,-4.989,10
11.482,-14.997,-2.126,10
10.726,-16.979,-2.346,9
9.509,-18.071,-4.414,10
7.862,-18.444,-6.358,10
6.847,-17.132,-5.592,10
5.928,-14.796,-3.552,9
5.066,-12.689,-2.968,10
4.558,-11.405,-3.428,10
3.801,-10.802,-3.763,10
3.045,-10.869,-2.375,9
1.8,-12.717,-0.124,10
1.082,-14.173,-0.727,10
-0.402,-14.824,-2.202,10
-1.963,-13.8,-2.461,10
-3.84,-12.334,-1.608,9
-5.133,-11.281,-0.047,10
-5.056,-9.299,1.149,10
-3.725,-7.211,1.723,10
-2.308,-5.123,1.608,9
-1.225,-2.327,1.359,10
-0.268,-0.335,2.298,10
0.995,0.881,5.046,10
1.589,1.474,7.038,9
0.526,0.679,6.263,10
-0.823,-3.524,3.782,10
0.268,-9.73,0.392,10
1.407,-15.868,-3.658,9
2.959,18.732,-7.354,10
5.2,13.886,-7.23,10
5.65,10.668,-2.317,10
4.443,11.578,0.507,9
1.656,18.579,0.517,10
0.746,-18.971,-1.503,10
0.756,-18.052,-5.037,10
0.114,-18.109,-7.029,10
0.66,-18.042,-5.669,9
3.141,-17.937,-3.677,10
4.903,-17.305,-2.853,10
4.989,-14.949,-1.379,10
3.131,-12.105,0.545,9
0.526,-9.088,2.164,10
-1.867,-6.32,3.706,10
-4.06,-4.175,4.405,10
-5.669,-2.47,3.428,9
-6.11,-1.015,0.823,10
-6.11,-1.015,0.823,10
-4.865,1.158,-0.919,10
-2.662,3.236,-2.03,10
-0.871,4.079,-2.681,9
0.239,3.217,-2.365,10
0.909,1.58,-0.392,10
0.459,-0.603,1.034,10
-1.063,-2.892,2.116,9
-2.691,-4.577,2.413,10
-3.524,-6.607,1.733,10
-3.102,-12.411,-0.047,10
-2.537,17.381,-5.295,9
-6.732,10.812,13.359,10
-7.287,17.152,12.89,10
-1.8,-10.055,-6.071,10
-2.729,-4.951,2.873,9
-3.083,-15.409,5.564,10
-1.57,18.32,5.928,10
7.115,-15.591,-0.66,10
10.017,-2.643,8.561,10
2.748,4.127,10.927,9
0.316,6.023,-0.287,10
7.326,1.436,-5.2,10
11.597,-6.885,6.416,10
9.442,-14.671,3.591,9
6.282,13.781,-5.774,10
5.449,6.1,-3.552,10
0.517,11.166,3.332,10
-2.624,-19.766,4.386,9
-0.833,-12.095,3.016,10
0.871,-9.011,2.202,10
0.593,-7.958,0.842,10
-0.469,-7.747,-0.593,10
-1.139,-8.418,-2.145,9
-1.235,-10.065,-2.691,10
-1.206,-12.497,-2.987,10
-1.273,-14.623,-2.375,10
-1.149,-14.537,-2.25,9
-0.354,-11.836,-2.317,10
0.622,-8.169,-2.652,10
1.436,-5.679,-2.308,10
1.436,-4.97,-1.465,10
1.082,-5.439,-0.402,9
1.8,-5.908,1.149,10
2.48,-6.167,2.288,10
3.007,-6.311,2.566,10
2.614,-6.655,2.039,9
1.139,-7.785,0.699,10
-0.019,-8.676,-0.957,10
-0.612,-8.896,-2.853,10
-0.775,-8.504,-5.037,9
-0.21,-8.475,-6.588,10
1.158,-7.996,-5.046,10
2.604,-7.718,-1.896,10
3.696,-7.929,1.053,9
4.51,-8.226,2.614,10
4.386,-8.638,1.302,10
4.386,-8.13,-0.574,10
3.744,-7.096,-1.541,9
2.662,-6.1,-2.643,10
1.551,-5.784,-3.428,10
1.541,-8.523,-0.928,10
2.212,-16.203,2.011,9
4.491,-16.203,4.52,10
4.491,15.974,4.52,10
6.78,11.262,3.485,10
9.27,13.8,-0.593,10
10.524,20.025,0.938,9
4.941,-14.671,4.232,10
0.421,-11.156,3.629,10
-1.216,-10.658,1.513,10
-1.273,-12.804,-0.909,9
0.699,-16.108,-3.074,10
2.384,-18.138,-3.888,10
2.825,-18.952,-2.853,10
3.591,19.852,-0.574,10
4.079,19.823,-1.13,9
2.949,-20.379,0.727,10
0.957,-18.971,3.485,10
-1.426,-15.112,1.656,9
-4.194,-11.338,0.565,10
-6.665,-8.465,0.976,10
-8.015,-6.445,1.225,10
-7.086,-5.401,0.67,10
-2.873,-3.964,0.632,9
0.181,-2.652,0.373,10
1.963,-2.068,-0.009,10
2.528,-1.465,-1.225,10
0.727,-1.953,-2.135,9
-2.193,-2.748,-1.79,10
-4.089,-2.643,-1.149,10
-4.548,-2.154,-0.593,10
-3.926,-2.059,-0.689,9
-2.825,-2.968,-1.666,10
-1.063,-3.983,-2.24,10
1.742,-4.137,-2.001,10
3.284,-4.405,-1.771,9
3.083,-5.085,-1.264,10
2.059,-5.41,-1.043,10
1.13,-5.123,-0.718,10
0.181,-4.702,-0.737,10
-0.852,-4.328,-0.21,9
-1.8,-4.893,0.756,10
-1.771,-6.426,1.934,10
-0.852,-8.599,3.399,10
0.325,-10.994,3.763,9
1.733,-10.524,1.043,10
3.064,-6.598,-2.461,10
4.05,-2.604,-2.442,10
3.169,2.269,-0.354,9
0.344,5.094,1.867,10
-1.149,4.845,3.083,10
-1.675,4.472,3.227,10
-1.857,4.309,2.863,10
-2.145,3.351,2.346,9
-3.246,1.877,0.057,10
-2.911,-2.949,-3.782,10
-2.145,-9.011,-6.129,10
-2.365,-15.907,-6.167,9
-3.236,15.916,-5.104,10
-3.734,5.851,-3.926,10
-9.586,4.529,0.134,10
-9.931,12.67,-2.662,9
-3.361,5.276,-13.474,10
9.184,5.094,13.283,10
9.95,-18.895,-2.614,10
4.884,-5.2,10.371,9
4.252,1.474,7.661,10
4.252,1.474,5.008,10
3.371,1.733,5.008,10
2.825,1.455,2.671,10
4.05,-1.235,-4.874,9
6.56,-11.789,-15.533,10
5.324,18.923,-15.227,10
2.011,9.011,-8.734,10
-0.383,11.741,-3.533,9
-0.019,-18.847,-4.424,10
0.268,-11.607,-7.316,10
-0.45,-8.475,-7.508,10
-1.455,-7.364,-6.32,9
-2.231,-6.033,-5.41,10
-2.987,-4.797,-4.568,10
-3.399,-3.83,-3.792,10
-3.658,-2.968,-2.48,10
-3.572,-2.806,0.086,9
-3.217,-3.38,2.997,10
-2.47,-4.625,6.933,10
-1.608,-5.075,7.805,10
-0.019,-3.878,5.793,9
2.557,-2.949,1.8,10
4.644,-2.346,-1.848,10
6.023,-2.949,-2.959,10
6.569,-3.6,-2.71,9
5.104,-5.257,-1.915,10
2.432,-8.101,-1.714,10
0.737,-10.658,-3.581,10
0.718,-13.177,-7.134,9
-1.043,-15.361,-12.631,10
-4.97,-17.266,-18.377,10
-11.176,-17.755,18.741,10
-10.275,-16.874,-13.503,10
-5.42,-16.165,-9.203,9
-1.742,-12.392,-7.623,10
0.488,-7.479,-8.475,10
2.748,-3.476,-7.814,10
2.901,-2.499,-7.134,9
2.557,-2.968,-5.094,10
1.675,-3.438,-2.748,10
1.206,-3.361,-1.292,10
0.45,-3.734,-1.877,10
-0.268,-4.874,-2.806,9
-0.689,-6.684,-2.863,10
-1.302,-8.695,-2.671,10
-1.369,-10.457,-1.829,10
-0.881,-11.951,0.028,9
0.651,-12.057,2.384,10
3.524,-9.854,3.993,10
4.75,-5.966,4.146,10
3.591,-3.351,3.945,9
2.145,-2.451,4.213,10
0.114,-1.733,3.409,10
-1.417,-1.015,1.963,10
-2.068,-1.206,0.22,9
-0.852,-1.312,-0.603,10
0.881,-0.047,-1.139,10
2.116,1.168,-2.729,10
3.016,2.633,-7.891,9
1.072,3.275,-13.484,10
-2.164,1.417,-10.381,10
-3.83,-2.786,-1.053,10
-5.449,-9.959,5.822,9
-8.743,19.689,7.642,10
-11.903,19.689,0.047,10
-11.903,5.43,0.047,10
-11.156,6.569,-5.171,10
-1.024,18.148,-3.38,9
5.295,-15.121,1.331,10
5.535,-11.109,1.618,10
7.345,-12.746,-8.178,10
9.701,19.823,-16.941,9
8.963,18.119,-7.862,10
7.642,-17.132,0.823,10
7.192,-15.811,0.814,10
5.343,-12.622,0.392,9
1.79,-10.994,0.785,10
-1.474,-11.971,-1.503,10
-3.936,-15.552,-5.822,10
-3.447,-16.74,-10.63,9
-1.321,-13.551,-8.829,10
-0.124,-9.27,-3.466,10
0.363,-6.205,-0.871,10
0.114,-4.74,-1.599,10
-1.953,-4.702,-3.064,9
-3.811,-5.209,-2.997,10
-5.267,-6.11,-2.011,10
-5.535,-5.784,1.417,10
-4.654,-6.014,5.87,9
-4.338,-3.725,6.55,10
-2.355,-0.047,3.964,10
2.097,0.44,0.689,10
6.033,-2.116,-0.124,9
7.115,-3.179,0.488,10
7.029,-3.993,2.442,10
5.286,-5.937,0.976,10
1.905,-9.04,-3.926,9
-2.068,-13.139,-10.122,10
-3.734,-16.357,-12.689,10
-6.205,-18.09,-14.949,10
-11.942,-17.525,-17.563,10
-12.785,-17.027,-14.489,9
-11.319,-15.983,-13.742,10
-7.958,-13.359,-14.422,10
-3.581,-10.218,-10.783,10
1.149,-7.556,-5.822,9
5.612,-4.654,-2.461,10
8.149,-1.091,-2.93,10
6.339,0.928,-5.516,10
4.453,1.072,-5.353,9
3.696,-0.114,-4.242,10
2.94,-3.16,-2.844,10
2.26,-6.177,-1.11,10
1.666,-9.548,-0.526,14
1.225,-11.712,0.632,5
0.775,-12.296,2.039,10
0.775,-10.352,2.767,10
0.181,-5.286,3.907,10
-0.086,-0.335,5.295,9
-0.095,2.633,4.74,10
0.21,3.639,3.505,10
0.823,3.38,1.838,10
1.024,2.355,0.316,9
0.632,0.766,-1.934,10
-1.35,-2.365,-5.525,10
-4.893,-5.171,-10.093,10
-8.485,-8.638,-11.013,9
-10.754,-13.464,-5.487,10
-10.754,-13.464,-5.487,10
-8.034,-18.253,4.807,10
-5.439,19.594,12.325,10
-2.853,18.157,12.258,9
0.306,18.617,2.001,10
2.394,19.843,-6.282,10
2.767,-18.655,-6.847,10
4.022,-17.563,-8.781,9
4.558,-19.44,-13.024,10
4.118,-18.033,-8.418,10
4.06,-14.575,-1.359,10
4.07,-13.302,-0.172,9
3.246,-13.397,-3.026,10
1.321,-14.202,-5.64,10
-0.028,-14.01,-5.295,10
-0.316,-11.894,-2.662,10
-0.114,-8.868,-1.877,9
-0.201,-7.115,-4.386,10
-0.766,-7.852,-6.732,10
-1.273,-8.647,-5.267,10
-1.685,-8.092,-2.25,9
-1.618,-7.805,-0.383,10
-1.666,-7.766,0.287,10
-1.628,-7.24,0.67,10
-2.24,-7.23,1.762,9
-2.94,-6.148,1.446,10
-3.179,-4.73,1.57,10
-1.877,-2.987,1.8,10
0.459,-1.781,3.39,9
2.825,-2.662,3.466,10
4.845,-4.769,1.714,10
6.052,-7.517,-1.704,10
6.148,-11.185,-6.177,9
4.232,-16.213,-9.251,11
1.149,19.412,-11.214,9
-5.43,15.887,-12.938,10
-10.275,18.99,-12.909,10
-11.511,-17.439,-12.325,9
-11.185,-14.623,-12.373,10
-9.557,-12.172,-12.344,10
-6.253,-10.793,-10.927,10
-1.991,-9.902,-8.14,9
2.039,-8.236,-5.612,10
4.884,-5.995,-3.648,10
6.042,-3.859,-1.934,10
5.822,-2.432,-0.9,9
4.702,-1.848,-1.197,10
3.926,-2.164,-0.641,10
3.438,-3.399,1.312,10
2.968,-5.075,2.911,9
1.924,-7.125,4.338,10
-0.028,-8.111,4.577,10
-1.762,-6.885,4.357,10
-1.934,-3.821,4.06,10
-1.599,-0.239,3.418,9
-1.187,1.771,2.087,10
-0.114,0.986,0.9,10
1.072,-0.766,-0.804,10
3.112,-1.12,-4.73,10
4.118,-1.436,-11.645,9
1.034,-2.394,-13.972,10
-2.461,-1.005,-8.073,10
-3.007,1.139,0.258,10
-3.007,1.139,0.258,10
-3.15,0.584,5.085,9
-5.018,-0.9,10.639,10
-9.366,-1.599,13.713,10
-14.24,-6.54,9.959,9
-12.124,-16.529,0.66,10
-7.316,12.957,-7.182,10
-1.79,6.445,-10.668,10
7.489,14.796,-13.005,9
11.635,-17.161,-4.414,10
10.85,-14.068,7.536,10
11.712,-14.566,7.326,10
16.97,17.717,-7.115,10
20.12,14.164,-15.811,9
10.419,-19.163,-3.581,10
0.22,-17.554,1.599,10
-5.171,-18.598,-1.493,10
-7.766,-18.655,-4.098,9
-8.303,-16.05,-4.999,10
-6.866,-12.794,-7.632,10
-2.738,-11.559,-8.226,10
2.116,-10.955,-1.561,9
5.755,-8.513,4.165,10
7.766,-4.903,4.367,10
6.703,-3.026,2.298,10
3.916,-3.035,1.187,13
2.777,-2.911,2.355,6
2.403,-2.643,3.658,10
2.173,-2.164,4.05,10
1.331,-1.57,3.6,9
0.268,-0.555,3.485,10
-0.766,0.66,3.543,10
-1.407,0.574,2.968,10
-1.561,-1.369,1.666,10
-1.407,-3.926,0.134,9
-1.474,-7.364,-2.48,10
-1.608,-12.756,-8.801,10
-1.197,-20.092,-13.522,10
0.689,9.136,-7.766,9
2.93,2.595,0.335,10
6.368,2.595,0.009,10
7.115,4.932,-6.253,10
1.963,14.24,-10.247,9
0.22,-19.737,-11.415,10
-0.794,-14.46,-10.199,10
-0.814,-11.08,-6.579,10
0.842,-8.858,-2.164,9
3.093,-7.556,-0.047,10
4.443,-6.904,-1.915,10
4.041,-7.402,-3.189,10
1.493,-8.044,-2.987,10
-1.493,-8.58,-1.963,9
-3.715,-8.389,-0.928,10
-4.529,-6.694,0.172,10
-4.338,-4.434,1.197,10
-3.236,-2.126,1.369,9
-1.331,0.086,0.316,10
0.229,1.752,-0.976,10
1.628,3.035,-0.928,10
2.308,3.265,0.488,9
2.576,2.346,2.269,10
1.81,0.239,3.351,10
0.871,-2.183,3.677,10
0.478,-4.817,3.265,10
-0.316,-4.817,1.963,9
-0.316,-9.145,1.963,10
-2.193,-16.089,-1.896,10
-4.271,12.88,-4.443,10
-7.929,10.927,-11.53,9
-10.457,19.201,18.904,10
-5.755,-7.805,-10.946,10
0.699,3.993,5.765,10
1.551,9.691,14.528,9
-1.915,4.903,13.838,10
-6.981,-4.06,4.357,10
-1.618,-15.255,-13.407,10
8.35,13.541,-11.702,10
10.86,-18.626,7.728,9
7.881,-9.691,7.153,10
4.491,-7.575,1.656,10
4.711,-8.216,2.193,9
4.491,-12.248,-1.388,10
2.221,-19.048,-9.672,10
0.363,17.621,-1.599,10
-1.13,18.061,4.003,10
-2.834,-20.484,2.499,9
-4.414,-18.262,-1.359,10
-3.6,-15.217,-4.826,10
-0.277,-12.976,-4.999,10
1.972,-12.765,-2.93,9
3.351,-14.786,-0.785,10
3.993,-17.362,-0.871,10
4.74,-17.812,-2.806,10
4.252,-15.207,-4.788,10
2.231,-12.258,-4.97,9
0.517,-9.911,-3.648,10
-0.833,-8.255,-2.662,10
-0.794,-7.201,-3.208,9
0.21,-6.713,-4.395,10
1.551,-5.908,-4.52,10
2.719,-4.539,-3.591,10
3.045,-3.399,-2.614,10
3.428,-3.15,-1.637,9
3.849,-3.648,-0.574,10
3.725,-4.252,0.287,10
3.61,-3.552,1.072,10
3.361,-1.972,0.612,9
3.371,-0.191,0.497,10
2.413,0.038,1.915,10
0.641,-1.752,2.614,10
-0.622,-2.882,2.355,9
-1.637,-3.16,2.336,10
-2.528,-4.127,3.399,10
-2.901,-7.498,5.88,10
-2.92,-14.269,8.868,10
-1.561,19.67,10.496,9
-0.248,15.418,7.335,10
1.675,14.508,-3.035,10
4.175,-18.569,-10.409,10
2.442,-13.254,-7.527,9
-0.009,-13.35,-4.252,10
-0.785,-16.28,-3.361,10
0.268,-19.383,-2.24,10
1.561,19.211,-0.373,9
2.557,18.138,1.264,10
1.474,18.234,2.25,10
0.89,19.067,2.26,10
0.181,-18.76,-1.043,9
-0.995,-16.491,-3.466,13
-0.995,-16.491,-3.466,7
-3.093,-15.504,-4.261,10
-5.458,-13.924,-3.955,9
-6.675,-11.032,-3.342,10
-5.621,-9.241,-2.346,10
-2.796,-7.967,-1.321,10
0.335,-5.363,-0.89,10
1.81,-1.896,-1.637,9
1.838,1.618,-3.169,10
0.497,3.476,-5.525,10
-1.13,3.39,-6.579,10
-1.244,2.499,-5.19,9
-1.177,1.513,-2.959,10
-1.235,0.239,-1.139,10
-1.158,-1.197,-0.067,10
-1.934,-3.514,1.206,10
-2.595,-6.33,3.074,9
-2.547,-9.634,5.008,10
-2.786,-13.733,4.941,10
-3.026,-16.242,3.945,10
-2.24,-14.489,2.298,9
0.383,-7.69,0.699,10
2.298,-1.781,0.699,10
3.169,1.541,0.689,10
3.629,2.93,0.411,9
4.07,3.648,0.316,10
4.692,4.51,-0.354,10
5.286,5.506,-0.258,10
5.056,6.09,0.134,9
3.093,5.861,-0.507,10
0.545,1.398,-1.608,10
-0.545,-3.418,-1.982,10
-0.536,-5.966,-1.541,10
0.134,-7,-1.369,9
0.028,-6.215,-0.852,10
-1.206,-3.639,0.737,10
-1.848,-2.806,2.26,10
-2.087,-4.223,2.422,9
-2.7,-9.203,0.114,10
-4.357,-19.785,-5.612,10
-5.583,11.367,-6.521,10
-7.785,5.956,-2.959,9
-5.305,8.734,-3.016,10
4.089,15.207,-6.952,10
10.582,14.911,-15.571,10
12.267,19.891,-6.387,9
8.293,-11.971,2.097,10
5.726,-6.09,0.948,10
4.127,-3.983,0.565,10
3.552,-3.303,0,10
3.332,-4.893,-1.924,9
4.05,-12.631,-4.893,10
3.83,20.053,-6.358,10
1.666,17.152,-6.349,10
-0.45,20.513,-4.797,9
-1.618,-15.753,-2.643,10
-3.093,-11.358,-1.522,10
-4.73,-8.37,-2.001,10
-6.397,-6.339,-2.806,9
-7.584,-4.328,-2.269,10
-6.847,-3.055,1.848,10
-5.688,-2.748,5.525,10
-3.007,-0.995,5.726,9
-3.007,-0.995,5.726,10
0.507,-0.153,4.108,10
3.773,-1.877,-0.229,10
6.416,-7.977,-5.832,10
8.149,-14.767,-11.243,9
4.003,19.776,-11.894,10
-4.912,14.403,-11.147,10
-12.88,16.922,-11.109,10
-13.685,-16.079,-9.653,9
-9.433,-9.069,-10.601,10
-5.123,-5.602,-10.611,10
-1.273,-3.256,-9.452,10
1.455,-2.815,-6.445,10
3.869,-3.294,-3.821,9
5.324,-3.217,-1.771,10
5.525,-2.853,-0.986,10
5.87,-2.489,-0.469,10
6.445,-1.608,-0.402,9
6.004,-0.603,-1.436,10
4.434,-0.469,-0.814,10
1.57,-1.426,1.292,10
-1.273,-2.269,3.495,9
-2.92,-2.873,4.347,10
-2.911,-2.595,3.974,10
-2.365,-2.269,3.217,10
-1.561,-2.815,1.714,9
-0.632,-4.098,-0.67,10
0.603,-4.759,-10.448,10
1.407,-3.6,16.299,10
1.446,-0.785,18.377,10
0.641,2.518,-3.849,9
-0.995,1.79,9.816,10
-2.873,-0.727,14.164,10
-6.023,-7.833,15.332,9
-7.192,-15.571,11.769,10
-8.379,17.87,10.697,10
-9.662,11.817,8.207,10
-8.781,8.398,-2.193,10
-7.249,13.33,15.591,9
-3.801,16.606,11.52,10
4.587,15.849,-18.626,10
9.739,18.713,-3.39,10
8.935,-13.646,5.822,9
7.805,-6.1,4.845,10
6.483,-3.122,3.361,10
5.066,-2.145,1.072,10
2.595,-6.081,-2.221,9
-1.139,-16.012,-10.496,10
-3.524,19.536,19.412,10
-2.327,-18.109,-11.396,10
-0.45,-12.095,0.373,10
0.517,-8.303,3.715,9
-0.871,-7.335,1.379,10
-3.007,-6.914,-0.153,10
-3.217,-6.157,2.336,10
-2.394,-4.797,5.841,9
-0.545,-2.03,6.617,10
2.461,1.714,4.29,10
5.2,1.158,0.651,10
6.349,-4.156,-4.673,9
5.104,-9.739,-8.485,10
1.637,-13.378,-9.126,10
-2.394,-16.903,-7.709,10
-2.394,-16.903,-7.038,9
-6.684,-19.9,-7.038,10
-11.654,18.933,-8.475,10
-14.499,19.718,-11.54,10
-13.704,-17.946,-12.315,10
-7.469,-13.072,-9.49,9
-0.162,-8.465,-7.259,10
3.639,-5.305,-7.335,10
3.811,-4.261,-7.22,10
2.738,-4.568,-6.167,9
1.484,-5.525,-4.836,10
0.344,-6.483,-3.438,10
-0.181,-7.153,-2.269,10
-0.038,-7.182,-0.804,9
0.057,-6.665,0.316,10
0.124,-5.87,1.302,10
-0.038,-4.683,2.202,10
0.028,-2.729,2.355,9
1.043,-0.814,1.972,10
3.476,-0.248,1.723,10
4.683,-2.049,2.844,10
2.806,-3.064,3.983,10
0.881,-1.474,4.405,9
-0.162,1.283,4.443,10
-0.593,2.873,4.319,10
-1.139,2.327,2.604,10
-1.436,0.689,-0.172,9
-0.928,-0.057,-6.234,10
0.019,-1.417,-16.299,10
-0.833,-6.856,16.778,10
-2.738,-9.375,-11.089,10
-4.462,-12.334,-0.651,9
-6.014,-18.76,5.439,10
-7.613,17.391,15.073,10
-8.877,14.566,17.171,9
-3.773,16.922,7.977,10
3.055,16.041,-6.809,10
6.962,16.309,17.429,10
8.552,16.778,-14.556,10
7.852,-19.9,-4.012,9
6.866,-12.708,-3.208,10
5.209,-7.527,-0.545,10
3.122,-4.702,1.369,10
1.158,-4.702,0.229,9
-1.369,-8.887,-2.164,10
-3.179,-16.989,-5.497,10
-3.495,18.09,-10.658,10
-2.221,-19.68,-12.871,10
-0.258,-13.11,-6.866,9
1.235,-8.935,-0.383,10
2.202,-6.32,1.446,10
2.183,-6.224,-1.417,10
1.273,-7.69,-2.978,9
-0.316,-8.408,-2.959,10
-0.967,-7.68,-1.561,10
-0.842,-6.358,0.488,10
-0.536,-4.912,2.825,9
-0.162,-3.39,4.577,10
0.603,-0.756,4.194,10
1.656,1.187,2.26,10
2.135,0.67,-1.369,9
2.288,-3.84,-4.194,10
2.355,-8.264,-5.803,10
2.355,-8.264,-4.491,10
2.767,-10.869,-4.491,9
2.422,-13.503,-3.505,10
-0.057,-18.1,-6.129,10
-5.343,20.264,-11.511,10
-11.98,20.245,-15.121,10
-12.909,-17.726,-12.938,9
-9.385,-14.729,-11.329,10
-5.506,-11.722,-10.927,10
-2.02,-9.107,-9.557,10
0.593,-7.987,-7.259,9
1.8,-7.671,-5.133,10
1.896,-7.01,-4.347,10
1.522,-6.579,-2.767,10
1.283,-6.617,-1.35,9
1.302,-6.579,-1.187,10
0.45,-7.316,-1.857,10
-0.641,-8.475,-1.637,10
-1.426,-9.911,-1.015,9
-2.173,-11.3,-0.335,10
-2.595,-11.903,0.814,10
-2.432,-10.544,2.135,10
-1.675,-8.149,2.557,10
-0.536,-5.583,2.116,9
0.172,-3.763,1.254,10
0.258,-2.116,0.517,10
-0.201,-0.258,0.124,10
-0.325,0.89,0.028,9
1.101,0.737,0.67,10
3.983,0.316,1.484,10
5.966,0.363,1.359,10
6.598,0.344,0.181,10
5.449,-0.306,-0.689,9
2.001,-2.748,-0.507,10
-1.685,-4.884,0,10
-3.763,-5.286,0.047,9
-3.62,-4.587,-1.149,10
-1.666,-4.51,-2.624,10
-0.66,-7.201,-0.852,10
-2.355,-10.783,1.829,10
-3.61,-13.867,0.517,9
-3.026,-16.347,-0.833,10
-1.991,-19.613,0.268,10
-2.173,17.812,-3.955,10
0.632,19.268,-5.573,9
4.759,-17.592,-2.652,10
6.253,-13.474,2.269,10
6.675,-12.239,2.279,10
8.906,-16.338,-8.178,9
11.482,18.76,-15.926,10
11.329,20.168,-5.008,10
8.101,-16.692,0.229,10
3.485,-14.144,-5.018,9
0.047,-14.528,-7.431,10
-0.641,-14.441,-2.987,10
-0.402,-12.564,-0.526,10
1.522,-10.285,-3.045,10
3.648,-10.055,-3.447,9
3.6,-11.262,-3.687,10
2.585,-11.999,-4.769,10
0.766,-11.808,-5.851,10
-1.742,-11.08,-7.048,9
-3.859,-10.342,-6.837,10
-4.75,-8.963,-3.38,10
-4.75,-8.963,-3.38,10
-3.706,-6.263,2.288,9
-1.12,-4.29,6.224,10
1.216,-2.288,7.268,10
1.407,-0.21,6.033,10
1.024,1.158,4.185,9
0.335,2.528,2.24,10
0.363,2.145,-0.363,10
1.924,-3.055,-1.704,10
2.633,-8.992,-1.599,10
3.074,-15.476,-2.767,9
3.093,17.477,-3.62,10
4.501,10.199,-3.648,10
3.485,9.232,-2.987,10
0.497,13.781,-2.461,9
-1.79,16.472,-6.291,10
-2.853,17.075,-11.463,10
-3.725,19.517,-14.48,10
-2.777,-18.492,-14.279,10
1.455,-14.614,-10.716,9
4.826,-11.262,-5.669,10
6.205,-9.04,-0.019,10
5.803,-7.508,2.557,10
3.821,-7.546,2.604,9
1.838,-7.728,1.474,10
-0.478,-6.952,0.153,10
-3.39,-5.669,-1.082,10
-5.822,-3.83,-2.595,9
-5.947,-1.043,-4.194,10
-2.92,2.03,-4.702,10
-0.574,3.035,-3.926,10
0.967,2.308,-2.126,9
2.269,1.34,0.574,10
2.03,-0.584,3.112,10
0.986,-3.754,5.382,10
0.067,-8.322,5.228,10
0.584,-13.072,3.457,9
1.063,-18.291,1.34,10
0.66,19.986,-1.695,10
-1.216,-18.962,-6.818,10
-3.428,-11.061,-15.782,9
-1.771,-1.465,-16.558,10
0.287,5.918,4.75,10
-0.718,8.992,15.782,10
-6.349,-2.116,7.24,9
-4.434,-18.665,0.45,10
0.143,9.241,-6.301,10
1.407,16.136,4.999,10
2.624,-11.865,11.836,9
2.729,-5.64,-3.926,10
6.186,-2.806,-4.912,10
7.019,-6.071,4.558,10
6.311,-12.976,8.006,9
5.497,16.759,5.401,10
4.616,6.981,0.076,10
2.24,15.093,-2.863,10
-0.411,-15.14,-1.915,10
-2.116,-10.409,-0.354,9
-2.863,-9.902,0.651,10
-3.39,-9.94,0.086,10
-3.131,-9.145,0.335,10
-2.097,-8.762,1.513,9
-1.13,-10.697,1.465,10
-1.13,-10.697,1.465,10
-1.177,-13.646,-1.225,10
-1.024,-13.139,-4.127,9
-0.191,-10.812,-4.874,10
0.277,-8.925,-4.204,10
0.852,-7.422,-2.537,10
1.465,-6.675,-0.804,9
2.145,-6.291,-0.584,10
2.94,-6.148,-1.493,10
3.926,-6.799,-2.442,10
4.539,-7.345,-3.562,10
4.529,-7.412,-4.108,9
4.213,-7.096,-3.514,10
3.782,-6.799,-2.317,10
4.319,-6.627,-1.436,10
4.443,-6.971,-1.465,9
4.204,-7.326,-2.001,10
3.495,-7.469,-1.886,10
3.591,-7.402,0.153,10
3.964,-8.791,3.064,9
5.257,-12.239,6.512,10
7.019,-17.525,8.734,10
5.707,19.163,5.19,10
2.288,18.138,-3.189,10
-1.838,-20.005,-8.092,9
-1.771,-14.393,-3.811,10
1.666,-10.84,1.991,10
3.438,-10.496,4.673,10
2.346,-11.204,4.089,9
2.94,-13.292,0.526,10
4.807,-14.623,-3.083,10
5.468,-14.642,-3.581,10
5.075,-14.575,-1.503,9
4.481,-16.242,1.484,10
4.098,-18.875,2.288,10
3.198,-20.302,0.794,10
2.394,-19.843,-0.708,9
0.641,-17.832,0.373,10
-1.206,-13.733,2.116,10
-1.81,-10.103,3.581,10
-0.766,-7.469,4.778,10
1.273,-5.813,5.027,9
2.767,-5.315,3.773,10
2.853,-5.918,1.417,10
1.206,-7.144,0.852,10
-1.101,-7.479,1.589,9
-3.284,-7,2.547,10
-4.587,-6.052,2.997,10
-5.391,-4.558,1.819,10
-5.343,-2.557,-0.105,10
-4.261,-0.354,-1.436,9
-2.767,1.101,-1.714,10
-0.766,0.67,-1.532,10
1.273,-0.574,-1.455,9
1.953,-2.078,-0.67,10
1.264,-3.543,-0.258,10
0.459,-4.185,-0.181,10
-0.699,-4.309,-0.287,10
-2.001,-5.439,-0.181,9
-0.919,-10.189,-3.351,10
3.026,-16.816,-11.252,10
4.481,-19.709,-12.593,10
3.083,-17.927,-8.523,9
1.742,19.172,-11.147,10
1.742,19.172,-11.147,10
4.74,12.966,1.599,10
-0.641,19.153,18.444,9
-7.038,-16.893,10.093,10
-6.339,-7.24,12.449,10
-8.599,0.593,5.803,10
-10.208,8.973,-5.64,9
1.953,8.858,-12.775,10
11.061,0.794,3.495,10
11.022,-8.408,8.571,10
5.592,17.468,-0.574,10
1.12,3.016,-10.151,9
-3.466,5.123,-6.531,10
-5.439,19.747,-2.93,10
-2.518,-10.869,-1.168,10
0.047,-5.315,-2.116,9
1.34,-3.734,-3.409,10
1.675,-4.204,-3.782,10
1.149,-6.196,-2.844,10
0.019,-9.241,-2.604,9
-0.296,-12.105,-3.696,10
0.181,-14.01,-4.96,10
0.9,-15.064,-5.257,10
1.417,-14.556,-4.97,10
1.551,-12.88,-3.763,9
1.455,-10.553,-3.409,10
1.283,-7.757,-4.156,10
0.986,-5.027,-4.529,10
0.201,-2.413,-4.079,9
-0.842,-0.574,-2.039,10
-1.455,0.296,-0.526,10
-1.331,0.411,0.248,10
-0.823,0.392,-0.277,9
-0.555,0.086,-0.919,10
-0.67,-0.258,-0.708,10
-0.804,-0.651,0.43,10
-0.957,-1.666,1.982,9
-1.283,-3.955,4.788,10
-1.733,-4.175,4.893,10
-1.742,-4.012,3.524,10
-0.565,-4.52,1.848,10
0.881,-5.832,0.727,9
2.087,-5.679,-0.641,10
2.92,-3.945,-0.459,10
3.418,-1.695,1.446,10
3.131,-0.497,2.873,9
1.359,-1.58,0.43,10
-3.552,-4.788,-9.414,10
-3.916,-7.508,-13.838,10
-0.469,-10.352,-12.038,9
0.229,-16.807,-10.812,10
-0.191,15.351,-9.777,10
-3.562,11.846,-11.52,10
-6.301,18.071,-11.712,9
-7.019,-17.104,-10.237,10
-6.665,-12.823,-9.279,10
-4.979,-10.323,-8.973,10
-2.451,-9.222,-8.35,10
1.197,-8.293,-5.765,9
3.888,-7.479,-2.298,10
4.309,-6.071,2.26,10
3.035,-5.966,3.313,10
2.059,-6.454,2.375,9
2.059,-6.454,0.775,10
2.308,-6.521,0.775,10
2.528,-6.138,0.296,10
1.656,-3.495,1.053,9
0.124,0.277,1.551,10
-0.775,2.901,1.139,10
-0.976,3.706,1.292,10
-1.551,3.811,1.379,9
-3.744,4.213,1.321,10
-8.638,2.518,0.191,10
-15.006,-4.07,-4.616,10
-15.313,-18.167,-13.081,10
-13.091,5.803,-14.183,9
-7.987,2.624,-5.851,10
1.857,14.681,8.82,10
4.73,-14.767,10.553,10
6.607,-13.024,-2.863,10
8.274,-14.738,-8.686,9
8.532,-15.514,-6.071,10
8.034,-13.081,-4.96,10
7.24,-10.726,-4.884,9
4.922,-9.902,-3.773,10
0.325,-10.888,-2.892,10
-4.098,-13.455,-5.248,10
-8.006,-16.596,-10.448,10
-7.996,-16.73,-11.137,9
-5.123,-13.33,-6.77,10
-2.355,-9.356,-1.34,10
-0.507,-7.23,1.522,10
0.66,-6.569,1.742,9
1.513,-5.382,0.986,10
1.752,-3.84,0.737,10
1.034,-2.796,1.666,10
0.555,-2.126,2.652,9
0.153,-1.053,2.509,10
-0.028,0.411,1.905,10
-0.411,1.101,2.145,10
-0.775,1.331,1.991,9
-0.881,-0.21,0.689,10
-0.593,-4.185,-0.584,10
-0.43,-8.245,-1.043,10
-0.593,-12.306,-2.116,10
-1.493,-16.338,-6.119,9
-0.785,-20.274,-10.4,10
-4.204,17.276,-13.761,10
-10.189,18.205,-15.571,10
-12.267,-18.243,-11.051,9
-10.84,-14.786,-10.362,10
-6.971,-10.783,-12.239,10
-3.993,-7.852,-11.779,10
-0.411,-5.525,-10.218,9
3.418,-3.189,-6.991,10
6.732,-0.919,-3.907,10
7.91,-0.153,-1.877,10
7.23,-0.028,0.143,9
7.058,-0.794,1.762,10
7.556,-1.57,2.154,10
7.163,-3.102,2.384,10
4.031,-4.472,3.6,10
0.995,-4.338,5.066,9
-1.149,-1.685,5.075,10
-2.499,0.737,4.845,10
-2.882,0.785,4.05,10
-2.949,-0.105,3.055,9
-2.949,-0.105,3.055,10
-2.892,-1.024,1.206,10
-3.256,-3.074,-1.58,10
-4.51,-5.765,-5.497,9
-7.69,-8.724,-10.304,10
-12.698,-14.326,-16.893,10
-15.504,-18.167,-13.781,10
-13.206,-17.161,6.54,9
-6.828,-17.228,16.548,10
-1.896,-16.577,13.809,10
0.229,-18.78,7.699,10
7.086,8.963,-15.236,10
16.912,6.177,14.978,9
15.983,19.823,-5.966,10
9.95,-8.14,-1.618,10
6.933,-3.658,-1.082,10
5.353,-3.371,1.493,9
3.706,-5.372,-0.277,10
1.608,-11.52,-3.648,10
-0.794,-17.046,-6.818,10
-2.92,-19.057,-8.054,9
-3.457,-15.974,-4.759,10
-2.432,-11.654,-2.039,10
-2.509,-9.797,-2.422,10
-3.801,-9.672,-3.303,9
-4.319,-9.203,-3.102,10
-4.338,-8.858,0.584,10
-4.625,-7.498,4.07,10
-4.769,-4.232,5.525,10
-3.457,-1.359,5.947,9
-0.995,0.794,5.841,10
1.656,2.097,3.552,10
2.94,-0.172,-0.459,10
3.801,-5.688,-3.485,9
4.97,-10.39,-5.679,10
4.012,-15.418,-6.655,10
2.537,19.201,-6.435,10
-3.476,13.215,-8.916,9
-11.836,16.96,-11.022,10
-13.177,-16.673,-13.244,10
-8.935,-12.583,-14.767,10
-6.684,-9.682,-16.519,10
-5.391,-7.22,-13.656,9
-2.202,-5.755,-6.78,10
2.03,-5.372,-1.244,10
5.535,-4.903,1.244,10
6.655,-3.792,2.25,10
6.368,-3.323,3.016,9
5.027,-2.758,3.198,10
4.194,-2.834,3.026,10
3.696,-3.361,2.269,9
2.461,-3.428,1.733,10
0.976,-3.639,2.422,10
-0.469,-2.892,2.978,10
-1.35,-0.938,3.064,9
-1.551,0.689,2.461,10
-1.723,1.063,1.896,10
-2.03,0.785,0.593,10
-2.671,0.679,-2.106,10
-3.543,0.593,-9.519,9
-4.242,-0.9,17.027,10
-4.97,-2.643,-19.019,10
-4.481,-3.955,-2.48,10
-4.481,-3.955,9.193,9
-5.018,-7.891,9.193,10
-9.998,-15.045,13.886,10
-13.091,19.891,6.445,10
-7.939,17.937,3.371,9
-3.514,19.642,1.12,11
1.244,-19.469,-7.489,9
3.725,-18.272,-7.556,10
5.679,-17.764,-8.552,10
7.891,-18.339,-9.174,9
9.241,-20.379,-5.2,10
12.066,18.751,-2.691,10
13.34,-19.354,-0.871,10
11.913,-16.242,-4.194,9
7.22,-15.083,-8.063,10
2.92,-15.476,-6.981,10
1.101,-14.547,-2.403,10
0.162,-11.798,-0.756,9
-0.603,-8.973,-2.691,10
-2.47,-8.446,-5.851,10
-4.07,-10.017,-7.556,10
-3.39,-11.386,-3.849,9
-1.34,-9.873,0.325,10
0.402,-6.876,5.363,10
1.101,-4.826,8.408,10
-0.134,-2.758,8.216,10
-2.269,-0.852,6.473,9
-7.182,1.024,3.706,10
-8.264,0.229,0.957,10
-2.317,-4.788,-0.497,10
-0.296,-10.017,-2.614,9
1.091,-15.456,-5.334,10
2.671,19.402,-6.694,10
2.901,15.073,-6.11,10
-0.488,17.123,-4.558,10
-4.596,-18.358,-5.104,9
-7.134,-13.79,-6.962,10
-7.575,-11.07,-6.196,10
-3.275,-10.333,-5.841,9
0.679,-10.16,-7.134,10
2.595,-9.576,-8.178,10
2.94,-8.81,-6.703,10
1.312,-8.216,-4.568,10
-0.459,-7.9,-3.782,9
-1.628,-7.374,-3.026,10
-2.48,-6.473,-2.624,10
-2.882,-5.506,-2.633,10
-2.94,-4.558,-2.365,9
